Ufd42ddbc8c672fb2a77df36323c91998,5
Ufd42ddbc8c672fb2a77df36323c91998,5
Ufd42ddbc8c672fb2a77df36323c91998,9
Ue14fbdc706dfe2e270b984dc1f1a2d20,6
Ue14fbdc706dfe2e270b984dc1f1a2d20,9
Ue14fbdc706dfe2e270b984dc1f1a2d20,4
Uab5d8cfef973743d687384f45dc18059,5
Uddfbbe4cd57fe805c6be453604830bed,9
Uddfbbe4cd57fe805c6be453604830bed,10
Ufd42ddbc8c672fb2a77df36323c91998,8
Ue14fbdc706dfe2e270b984dc1f1a2d20,3
U13da731eaf08a0955281a9381158a741,6
U10c55fda69505e597c503f70fb5a0581,2
U10c55fda69505e597c503f70fb5a0581,3
U2f548008ea837a92b4dc1ca5e73313d9,9
U2f548008ea837a92b4dc1ca5e73313d9,3
U2f548008ea837a92b4dc1ca5e73313d9,5
Ufd42ddbc8c672fb2a77df36323c91998,5
Ufd42ddbc8c672fb2a77df36323c91998,9
Ufd42ddbc8c672fb2a77df36323c91998,7
Ufd42ddbc8c672fb2a77df36323c91998,3
Ufd42ddbc8c672fb2a77df36323c91998,8
Ue92ac0004f7bc880372749fb5375baf1,9
U01616e286288ab1cde53ff094ddf2df1,10
U97026d818a14311226401e6336c01afe,6
U01616e286288ab1cde53ff094ddf2df1,1
U779925bf27d6677c2c30a119223bac6d,9
U97026d818a14311226401e6336c01afe,1
Ue92ac0004f7bc880372749fb5375baf1,8
Ue02bd51eb98e1f80eb271aa41300e742,8
Ue92ac0004f7bc880372749fb5375baf1,1
Ufd42ddbc8c672fb2a77df36323c91998,2
Ufd42ddbc8c672fb2a77df36323c91998,8
Ufd42ddbc8c672fb2a77df36323c91998,6
U122a869edfd857514cae982ce853e23a,5
U122a869edfd857514cae982ce853e23a,5
U122a869edfd857514cae982ce853e23a,10
